{
  "val": {
    "accuracy": 0.938,
    "precision": 0.991304347826087,
    "recall": 0.9440993788819876,
    "f1": 0.9671261930010604,
    "auc": 0.9678480087687248
  },
  "test": {
    "accuracy": 0.9400599400599401,
    "precision": 0.990280777537797,
    "recall": 0.9473140495867769,
    "f1": 0.9683210137275607,
    "auc": 0.9642186326070624
  }
}