{
  "val": {
    "accuracy": 0.91,
    "precision": 0.9932432432432432,
    "recall": 0.9130434782608695,
    "f1": 0.9514563106796117,
    "auc": 0.9660211910851296
  },
  "test": {
    "accuracy": 0.922077922077922,
    "precision": 0.9933481152993349,
    "recall": 0.9256198347107438,
    "f1": 0.958288770053476,
    "auc": 0.9615577260205359
  }
}