{
  "val": {
    "accuracy": 0.948,
    "precision": 0.9892933618843683,
    "recall": 0.9565217391304348,
    "f1": 0.9726315789473684,
    "auc": 0.9649251004749725
  }
}