{
  "val": {
    "accuracy": 0.97,
    "precision": 0.9775510204081632,
    "recall": 0.9917184265010351,
    "f1": 0.9845837615621789,
    "auc": 0.9531116794543905
  },
  "n_samples": 2200
}