{
  "val": {
    "accuracy": 0.956,
    "precision": 0.9792099792099792,
    "recall": 0.9751552795031055,
    "f1": 0.9771784232365145,
    "auc": 0.9602971623431982
  },
  "n_samples": 2000
}