{
  "val": {
    "accuracy": 0.928,
    "precision": 0.9912087912087912,
    "recall": 0.9337474120082816,
    "f1": 0.9616204690831557,
    "auc": 0.9624893435635123
  },
  "n_samples": 1800
}